[{
        "Month": "January",
        "Sales_Figure": 21,
        "Perc": -5
    },
    {
        "Month": "February",
        "Sales_Figure": 32,
        "Perc": 15
    },
    {
        "Month": "March",
        "Sales_Figure": 19,
        "Perc": 11
    },
    {
        "Month": "April",
        "Sales_Figure": 8,
        "Perc": 17
    },
    {
        "Month": "May",
        "Sales_Figure": 26,
        "Perc": 5
    },
    {
        "Month": "June",
        "Sales_Figure": 31,
        "Perc": 2
    },
    {
        "Month": "July",
        "Sales_Figure": 37,
        "Perc": 28
    },
    {
        "Month": "August",
        "Sales_Figure": 16,
        "Perc": 14
    },
    {
        "Month": "September",
        "Sales_Figure": 25,
        "Perc": 19
    },
    {
        "Month": "October",
        "Sales_Figure": 30,
        "Perc": 8
    }
]